question,answer
Cisco Voicemail: Reset Voicemail Password / PIN,https://kp.service-now.com/kb_view.do?sys_kb_id=eab8911c87b145508b81322d0ebb35f7
Common Membership (CMS) - Password Reset,https://kp.service-now.com/kb_view.do?sys_kb_id=5376278a87efc5d8ba26404d0ebb358d
Tableau Mobile - Password Reset,https://kp.service-now.com/kb_view.do?sys_kb_id=c5358ee787e9c1d0b4c1eb183cbb35c3
KPWA Kronos - Password Reset,https://kp.service-now.com/kb_view.do?sys_kb_id=92094e9d87ac1d18248e0fec0ebb3519
Web Single Sign On (WSSO) - Password Reset Using KPIM,https://kp.service-now.com/kb_view.do?sys_kb_id=a02c40bc87240150adb064ec0ebb35af
Password Reset (password.kp.org) - General Application Information,https://kp.service-now.com/kb_view.do?sys_kb_id=28d2ab54db617814ac2b00b5ca96198a
KMATE / KMATEWeb - Password Reset,https://kp.service-now.com/kb_view.do?sys_kb_id=762b18b71bf53494cca32f4b234bcbcc
"Cisco Jabber - User not defined, Login / Password incorrect",https://kp.service-now.com/kb_view.do?sys_kb_id=fd8bda5c87b7305065ea43f7cebb3546
How to reset Windows (Active directory) password through GlobalProtect login screen,https://kp.service-now.com/kb_view.do?sys_kb_id=48a59fdadbaebc54b5b4a4781396192e
PowerScribe 360 - Logging On / Password Reset,https://kp.service-now.com/kb_view.do?sys_kb_id=b5460fbe87c50d90c5520f6d0ebb35cb
KPWA Lotus Notes Password Reset,https://kp.service-now.com/kb_view.do?sys_kb_id=e28caa67878901906eb197183cbb3597
Password Reset Process for Windows / CS Domain and WSSO Web Single Sign-on of TRO Identified Accounts,https://kp.service-now.com/kb_view.do?sys_kb_id=9d9205b087010d50ab2096093cbb35db
Unable to set T-account password,https://kp.service-now.com/kb_view.do?sys_kb_id=8ddb2aa1879f3c10708843bd0ebb3597
ClickStaff - Password Reset,https://kp.service-now.com/kb_view.do?sys_kb_id=b9dbf7e887cff45000dba71e0ebb3504
What to check after a Windows password update to avoid future issues and lockouts,https://kp.service-now.com/kb_view.do?sys_kb_id=404b4e65dbf6b858b5b4a47813961948
KPWA - New user asking for Static Password,https://kp.service-now.com/kb_view.do?sys_kb_id=d7449c98870bc15065ea43f7cebb3591
Identity and Access Management - Password Reset Before New Hire Start Date in KPIM,https://kp.service-now.com/kb_view.do?sys_kb_id=8ff0d4978708d1d0764f337d0ebb3579
How to Update Email Passwords on iOS/iPhone,https://kp.service-now.com/kb_view.do?sys_kb_id=3d045bc9875c955493a285dd0ebb3589
ProviderOne - How to reset ProviderOne Password,https://kp.service-now.com/kb_view.do?sys_kb_id=9760e9a487074190708843bd0ebb3584
New Password Requirements - Frequently Asked Questions,https://kp.service-now.com/kb_view.do?sys_kb_id=c6b87a3987977050708843bd0ebb35a5
SSO Password Cache Mismatch,https://kp.service-now.com/kb_view.do?sys_kb_id=278b23d887b48914e8cdb919cebb35c2
Active Directory - Remote Worker Windows Password Reset,https://kp.service-now.com/kb_view.do?sys_kb_id=421645408714c510469662483cbb3507
Kaiser Permanente Job Site - Password Reset for External Candidate,https://kp.service-now.com/kb_view.do?sys_kb_id=19fcc626db12f0900c4bf256b9961987
MacBook Admin Account Password vs KP Desktop Credentials,https://kp.service-now.com/kb_view.do?sys_kb_id=59d0f23487cb3c5097180fa40cbb354f
Web Single Sign On (WSSO) - Self-Service Reset Password,https://kp.service-now.com/kb_view.do?sys_kb_id=d87e7c6e87885d5093a285dd0ebb35b5
UNIX - Configure ARM Session in Reflection for UNIX Password Resets,https://kp.service-now.com/kb_view.do?sys_kb_id=3f0b260887ad8d94b798b996cebb357b
Mobile Devices - I set up my iPhone / iPad in  Intune but I still don't see my email?  (How to Update Email Password),https://kp.service-now.com/kb_view.do?sys_kb_id=71303016871f7cd425bd97583cbb35a6
Employee Health Modernization / Readyset - Password Reset,https://kp.service-now.com/kb_view.do?sys_kb_id=e613f90687e7b85093a285dd0ebb3512
KPHC - Locations AND Instances Icons for Password Resets (ALL REGIONS),https://kp.service-now.com/kb_view.do?sys_kb_id=1378f2c7875d4154b798b996cebb354b
Cycle Count Password Reset ,https://kp.service-now.com/kb_view.do?sys_kb_id=6aa25fcf875605d0ba26404d0ebb3527
QA2 UAT Test Environment for CARS - Password Reset,https://kp.service-now.com/kb_view.do?sys_kb_id=c5e7dee41b52f0102af2217e6e4bcb06
Colorado Regional Data Store (CRDS) - Troubleshooting Password Reset Using Password Express,https://kp.service-now.com/kb_view.do?sys_kb_id=a9d6140187a7095800dba71e0ebb3595
Population Management Tool (PMT) - Password,https://kp.service-now.com/kb_view.do?sys_kb_id=c5154ea6dbf63098fb85ca32399619e8
Behavioral Health Appointment & Referral Tracker (BHART) - Password Reset,https://kp.service-now.com/kb_view.do?sys_kb_id=86f8e00f874ec550fd5e31583cbb35f6
SCAL Centricity / Radiology Information System (RIS) - Password Reset,https://kp.service-now.com/kb_view.do?sys_kb_id=f82a9e4787470590708843bd0ebb354f
Ceridian Dayforce - Password Reset,https://kp.service-now.com/kb_view.do?sys_kb_id=2e08d5c2db62f8d0e09e4408059619c1
Can't remember the password for your encrypted iTunes backup,https://kp.service-now.com/kb_view.do?sys_kb_id=db4a01af87f85d10f03411373cbb354f
Mac login password mismatched with Kaiser SSO password,https://kp.service-now.com/kb_view.do?sys_kb_id=00c67e38871ec9d0adb064ec0ebb355d
Cisco Unified Intelligence Center (CUIC)  Self Service  Password Reset.  Manager unable to login to print out reports,https://kp.service-now.com/kb_view.do?sys_kb_id=5b742e18873f305065ea43f7cebb351d
KP Laptops - Multiple Windows Passwords,https://kp.service-now.com/kb_view.do?sys_kb_id=d1a227f687690d90b4c1eb183cbb3501
AwarePoint - Password Reset / Login Issues,https://kp.service-now.com/kb_view.do?sys_kb_id=6fea317487598154c5520f6d0ebb3510
Secure File Transfer - Logging On / Password Reset,https://kp.service-now.com/kb_view.do?sys_kb_id=f0b7c659876c1d18248e0fec0ebb35ca
NWP Knowledge portal Password Reset,https://kp.service-now.com/kb_view.do?sys_kb_id=7c887b7087b7bc5038ebff3acebb3537
KPHC Clarity Exadata - Password Reset,https://kp.service-now.com/kb_view.do?sys_kb_id=c1b1b7a5875f4d5400dba71e0ebb35d9
ZQ Domain Password Reset and Account Unlock using ADUC,https://kp.service-now.com/kb_view.do?sys_kb_id=27fff86f87c78d90708843bd0ebb3579
Endo Manager - Password Reset,https://kp.service-now.com/kb_view.do?sys_kb_id=78655fc4872901d4b798b996cebb356a
How to reset a KPWA IVR RX password (Interactive Voice Response Pharmacy Refill System),https://kp.service-now.com/kb_view.do?sys_kb_id=f7a83d4b8777f014ba26404d0ebb35d9
iMPAX - Password Reset / User unable to log on,https://kp.service-now.com/kb_view.do?sys_kb_id=3a135f858714515400dba71e0ebb352d
"ePIMS will not launch getting blue screen, The user name or password was incorrect. Try again.",https://kp.service-now.com/kb_view.do?sys_kb_id=44a2873a8749c910e95263583cbb3509
KRMS - Password Reset,https://kp.service-now.com/kb_view.do?sys_kb_id=4615f02c87ce055000dba71e0ebb3525
Active Directory - Reset Windows Password for Users,https://kp.service-now.com/kb_view.do?sys_kb_id=308249a9876fc95897180fa40cbb3571
Manage a CS Domain / Windows account / password via the Active Directory Users & Computers (ADUC) Tool,https://kp.service-now.com/kb_view.do?sys_kb_id=09c5db7c8704059400dba71e0ebb35ff
KRONOS  - Password Reset / Logon Issues,https://kp.service-now.com/kb_view.do?sys_kb_id=c539d54e87b78d9c764f337d0ebb356d
Timekeeping IVR - PIN or Password Reset,https://kp.service-now.com/kb_view.do?sys_kb_id=89872c53871cc194764f337d0ebb35e3
KPHC - AdminText The user name or password is incorrect when launching,https://kp.service-now.com/kb_view.do?sys_kb_id=19d1c9e387ba781097180fa40cbb35eb
Mahalo Points Website (HI) - Password Reset,https://kp.service-now.com/kb_view.do?sys_kb_id=cca08ae78729c1d0b4c1eb183cbb35b9
Reset Jabber Password and log on to Jabber,https://kp.service-now.com/kb_view.do?sys_kb_id=73848c0d875509d02e0633773cbb3556
DSBS Password Reset - KPWA IBM Mainframe,https://kp.service-now.com/kb_view.do?sys_kb_id=cbc24b2187454d10c3f2ff77cebb35f0
Mainframe password reset and unlock for NCAL,https://kp.service-now.com/kb_view.do?sys_kb_id=995900b887e00150adb064ec0ebb35d1
"Error: ""Unable to verify account information"" when trying to re-enter exchange account password on iPhone after password change",https://kp.service-now.com/kb_view.do?sys_kb_id=2e602d1487e80510adb064ec0ebb359a
How to password protect in the Kofax Power PDF,https://kp.service-now.com/kb_view.do?sys_kb_id=b0f862cb878c81d467ada6883cbb35f8
